pred_id,predict_date_jst,session_date,market,ticker,corr_bucket,strategy_tag,lean,score,direction,entry_ref,target_pct,stop_pct,horizon,confidence,catalyst_type,regime,thesis,status,actual_open,actual_close,return_pct,net_return_pct,hit,exit_reason,notes
2026-07-16-NVDA-1d,2026-07-16 19:20,2026-07-16,US,NVDA,semis,llm_catalyst,up,0.58,flat,session_open,+1.2,-0.8,1d,1,sector_rotation,,TSMCの好決算がAI需要を裏付けるが、チップからMag7への資金ローテーション観測と株価の20日ゼロ近傍が混在し、明確な方向性のカタリストに欠ける。往復コストをカバーする値幅への確信が不足。,open,,,,,,,model=claude-sonnet-4-6
2026-07-16-NVDA-3d,2026-07-16 19:20,2026-07-16,US,NVDA,semis,llm_catalyst,up,0.58,flat,session_open,+1.2,-0.8,3d,1,sector_rotation,,TSMCの好決算がAI需要を裏付けるが、チップからMag7への資金ローテーション観測と株価の20日ゼロ近傍が混在し、明確な方向性のカタリストに欠ける。往復コストをカバーする値幅への確信が不足。,open,,,,,,,model=claude-sonnet-4-6
2026-07-16-AMD-1d,2026-07-16 19:20,2026-07-16,US,AMD,semis,llm_catalyst,up,0.52,flat,session_open,+1.2,-0.8,1d,1,none,,前日-3.5%下落後にTSMC好決算があるが、AI株全般への懸念ニュースが相殺しており固有の強いカタリストがない。見送り。,open,,,,,,,model=claude-sonnet-4-6
2026-07-16-AMD-3d,2026-07-16 19:20,2026-07-16,US,AMD,semis,llm_catalyst,up,0.52,flat,session_open,+1.2,-0.8,3d,1,none,,前日-3.5%下落後にTSMC好決算があるが、AI株全般への懸念ニュースが相殺しており固有の強いカタリストがない。見送り。,open,,,,,,,model=claude-sonnet-4-6
2026-07-16-AVGO-1d,2026-07-16 19:20,2026-07-16,US,AVGO,semis,llm_catalyst,up,0.62,up,session_open,+1.2,-0.8,1d,2,guidance_raise,,Apple CEO Tim Cookがブロードコムとの協業継続を発表。AAPL自体が記録的高値を更新しており、カスタムチップ供給先のAAPL好調がAVGOに波及する明確なカタリストがある。,closed,384.54,374.45,-2.62,-3.12,FALSE,引け,model=claude-sonnet-4-6
2026-07-16-AVGO-3d,2026-07-16 19:20,2026-07-16,US,AVGO,semis,llm_catalyst,up,0.62,up,session_open,+1.2,-0.8,3d,2,guidance_raise,,Apple CEO Tim Cookがブロードコムとの協業継続を発表。AAPL自体が記録的高値を更新しており、カスタムチップ供給先のAAPL好調がAVGOに波及する明確なカタリストがある。,open,,,,,,,model=claude-sonnet-4-6
2026-07-16-MU-1d,2026-07-16 19:20,2026-07-16,US,MU,semis,llm_catalyst,down,0.63,down,session_open,+1.2,-0.8,1d,2,sector_concern,,前日-8%急落後もチップバブル懸念報道とTSMC決算後のAI株売り地合いが継続しており、リバウンドより売り圧力継続の可能性が高い。20日-17%のトレンドも下向き。,closed,866.77,853.20,+1.57,+0.80,TRUE,引け,model=claude-sonnet-4-6
2026-07-16-MU-3d,2026-07-16 19:20,2026-07-16,US,MU,semis,llm_catalyst,down,0.63,down,session_open,+1.2,-0.8,3d,2,sector_concern,,前日-8%急落後もチップバブル懸念報道とTSMC決算後のAI株売り地合いが継続しており、リバウンドより売り圧力継続の可能性が高い。20日-17%のトレンドも下向き。,open,,,,,,,model=claude-sonnet-4-6
2026-07-16-TSM-1d,2026-07-16 19:20,2026-07-16,US,TSM,semis,llm_catalyst,up,0.55,flat,session_open,+1.2,-0.8,1d,1,earnings,,Q2最高益・米国投資$100B増額の好決算にもかかわらず前日・前週株価が下落。「良い決算でも売られる」地合いが示されており、追いかけるリスクが高い。,open,,,,,,,model=claude-sonnet-4-6
2026-07-16-TSM-3d,2026-07-16 19:20,2026-07-16,US,TSM,semis,llm_catalyst,up,0.55,flat,session_open,+1.2,-0.8,3d,1,earnings,,Q2最高益・米国投資$100B増額の好決算にもかかわらず前日・前週株価が下落。「良い決算でも売られる」地合いが示されており、追いかけるリスクが高い。,open,,,,,,,model=claude-sonnet-4-6
2026-07-16-AAPL-1d,2026-07-16 19:20,2026-07-16,US,AAPL,megacap,llm_catalyst,up,0.68,up,session_open,+1.2,-0.8,1d,2,product_catalyst,,中国でのiPhone AI展開承認という明確なカタリストで前日+4%・記録的高値。iOS 27 beta でSiriのAI機能が評価され、上昇モメンタムが継続しやすい地合い。,closed,328.01,333.26,+1.60,+0.83,TRUE,引け,model=claude-sonnet-4-6
2026-07-16-AAPL-3d,2026-07-16 19:20,2026-07-16,US,AAPL,megacap,llm_catalyst,up,0.68,up,session_open,+1.2,-0.8,3d,2,product_catalyst,,中国でのiPhone AI展開承認という明確なカタリストで前日+4%・記録的高値。iOS 27 beta でSiriのAI機能が評価され、上昇モメンタムが継続しやすい地合い。,open,,,,,,,model=claude-sonnet-4-6
2026-07-16-MSFT-1d,2026-07-16 19:20,2026-07-16,US,MSFT,megacap,llm_catalyst,up,0.55,flat,session_open,+1.2,-0.8,1d,1,none,,前日+2.8%上昇済みで固有の新カタリストなし。ハイパースケーラーへの懸念報道やAI関連債務懸念が上値を抑える可能性があり見送り。,open,,,,,,,model=claude-sonnet-4-6
2026-07-16-MSFT-3d,2026-07-16 19:20,2026-07-16,US,MSFT,megacap,llm_catalyst,up,0.55,flat,session_open,+1.2,-0.8,3d,1,none,,前日+2.8%上昇済みで固有の新カタリストなし。ハイパースケーラーへの懸念報道やAI関連債務懸念が上値を抑える可能性があり見送り。,open,,,,,,,model=claude-sonnet-4-6
2026-07-16-GOOGL-1d,2026-07-16 19:20,2026-07-16,US,GOOGL,megacap,llm_catalyst,up,0.55,flat,session_open,+1.2,-0.8,1d,1,none,,前日+3.2%上昇後、Buffett後継者Abel氏のAAPL・GOOGL保有継続の話題はあるが追加の新規カタリストに乏しい。見送り。,open,,,,,,,model=claude-sonnet-4-6
2026-07-16-GOOGL-3d,2026-07-16 19:20,2026-07-16,US,GOOGL,megacap,llm_catalyst,up,0.55,flat,session_open,+1.2,-0.8,3d,1,none,,前日+3.2%上昇後、Buffett後継者Abel氏のAAPL・GOOGL保有継続の話題はあるが追加の新規カタリストに乏しい。見送り。,open,,,,,,,model=claude-sonnet-4-6
2026-07-16-AMZN-1d,2026-07-16 19:20,2026-07-16,US,AMZN,megacap,llm_catalyst,up,0.54,flat,session_open,+1.2,-0.8,1d,1,none,,前日+3%上昇済みでAIハイパースケーラー懸念が報道されており、新規カタリストが不明確。見送り。,open,,,,,,,model=claude-sonnet-4-6
2026-07-16-AMZN-3d,2026-07-16 19:20,2026-07-16,US,AMZN,megacap,llm_catalyst,up,0.54,flat,session_open,+1.2,-0.8,3d,1,none,,前日+3%上昇済みでAIハイパースケーラー懸念が報道されており、新規カタリストが不明確。見送り。,open,,,,,,,model=claude-sonnet-4-6
2026-07-16-META-1d,2026-07-16 19:20,2026-07-16,US,META,megacap,llm_catalyst,up,0.57,flat,session_open,+1.2,-0.8,1d,1,none,,5日+13%・20日+15%と既に大きく上昇しており、過熱感がある。新規カタリストなく利益確定リスクが高い。,open,,,,,,,model=claude-sonnet-4-6
2026-07-16-META-3d,2026-07-16 19:20,2026-07-16,US,META,megacap,llm_catalyst,up,0.57,flat,session_open,+1.2,-0.8,3d,1,none,,5日+13%・20日+15%と既に大きく上昇しており、過熱感がある。新規カタリストなく利益確定リスクが高い。,open,,,,,,,model=claude-sonnet-4-6
2026-07-16-ORCL-1d,2026-07-16 19:20,2026-07-16,US,ORCL,software,llm_catalyst,up,0.58,flat,session_open,+1.2,-0.8,1d,1,none,,前日+3.6%のリバウンドがあったが20日-31%の強いダウントレンド中。AIデータセンター需要への強気論があるも、IBMの設備投資シフト懸念が類似影響を与える可能性。確信持てず見送り。,open,,,,,,,model=claude-sonnet-4-6
2026-07-16-ORCL-3d,2026-07-16 19:20,2026-07-16,US,ORCL,software,llm_catalyst,up,0.58,flat,session_open,+1.2,-0.8,3d,1,none,,前日+3.6%のリバウンドがあったが20日-31%の強いダウントレンド中。AIデータセンター需要への強気論があるも、IBMの設備投資シフト懸念が類似影響を与える可能性。確信持てず見送り。,open,,,,,,,model=claude-sonnet-4-6
2026-07-16-CRM-1d,2026-07-16 19:20,2026-07-16,US,CRM,software,llm_catalyst,down,0.55,flat,session_open,+1.2,-0.8,1d,1,sector_concern,,IBMがクライアントのサーバー・サイバーへの支出シフトを警告しており、ソフトウェア予算圧迫の懸念が波及する可能性があるが、CRM固有のカタリストが薄い。見送り。,open,,,,,,,model=claude-sonnet-4-6
2026-07-16-CRM-3d,2026-07-16 19:20,2026-07-16,US,CRM,software,llm_catalyst,down,0.55,flat,session_open,+1.2,-0.8,3d,1,sector_concern,,IBMがクライアントのサーバー・サイバーへの支出シフトを警告しており、ソフトウェア予算圧迫の懸念が波及する可能性があるが、CRM固有のカタリストが薄い。見送り。,open,,,,,,,model=claude-sonnet-4-6
2026-07-16-NOW-1d,2026-07-16 19:20,2026-07-16,US,NOW,software,llm_catalyst,up,0.58,flat,session_open,+1.2,-0.8,1d,1,earnings_preview,,Q2決算前のポジティブなセットアップが報道されているが、決算前日ではなく材料出尽くしリスクもある。PSE上場の別銘柄との混同記事も散見され情報ノイズが高い。,open,,,,,,,model=claude-sonnet-4-6
2026-07-16-NOW-3d,2026-07-16 19:20,2026-07-16,US,NOW,software,llm_catalyst,up,0.58,flat,session_open,+1.2,-0.8,3d,1,earnings_preview,,Q2決算前のポジティブなセットアップが報道されているが、決算前日ではなく材料出尽くしリスクもある。PSE上場の別銘柄との混同記事も散見され情報ノイズが高い。,open,,,,,,,model=claude-sonnet-4-6
2026-07-16-SNOW-1d,2026-07-16 19:20,2026-07-16,US,SNOW,software,llm_catalyst,up,0.52,flat,session_open,+1.2,-0.8,1d,1,none,,金融データ向けAIワークフロー提携の発表はあるが株価影響は限定的で、前日-1.5%。固有のカタリスト強度が不十分。,open,,,,,,,model=claude-sonnet-4-6
2026-07-16-SNOW-3d,2026-07-16 19:20,2026-07-16,US,SNOW,software,llm_catalyst,up,0.52,flat,session_open,+1.2,-0.8,3d,1,none,,金融データ向けAIワークフロー提携の発表はあるが株価影響は限定的で、前日-1.5%。固有のカタリスト強度が不十分。,open,,,,,,,model=claude-sonnet-4-6
2026-07-16-DDOG-1d,2026-07-16 19:20,2026-07-16,US,DDOG,software,llm_catalyst,up,0.58,flat,session_open,+1.2,-0.8,1d,1,none,,GartnerのAIオブザーバビリティ評価継続は既知材料。前日市場が上昇する中-2.3%下落しており相対弱さが懸念されるが、売りの決定的カタリストもない。見送り。,open,,,,,,,model=claude-sonnet-4-6
2026-07-16-DDOG-3d,2026-07-16 19:20,2026-07-16,US,DDOG,software,llm_catalyst,up,0.58,flat,session_open,+1.2,-0.8,3d,1,none,,GartnerのAIオブザーバビリティ評価継続は既知材料。前日市場が上昇する中-2.3%下落しており相対弱さが懸念されるが、売りの決定的カタリストもない。見送り。,open,,,,,,,model=claude-sonnet-4-6
2026-07-16-ADBE-1d,2026-07-16 19:20,2026-07-16,US,ADBE,software,llm_catalyst,down,0.60,down,session_open,+1.2,-0.8,1d,2,sector_contagion,,IBMがクライアント支出がサーバー・サイバーにシフトしていると警告し、ソフトウェア株（ADBE含む）が明示的に売られるとの記事。IBMショックのソフトウェアセクターへの波及が続く可能性。,closed,228.71,235.31,-2.89,-3.39,FALSE,引け,model=claude-sonnet-4-6
2026-07-16-ADBE-3d,2026-07-16 19:20,2026-07-16,US,ADBE,software,llm_catalyst,down,0.60,down,session_open,+1.2,-0.8,3d,2,sector_contagion,,IBMがクライアント支出がサーバー・サイバーにシフトしていると警告し、ソフトウェア株（ADBE含む）が明示的に売られるとの記事。IBMショックのソフトウェアセクターへの波及が続く可能性。,open,,,,,,,model=claude-sonnet-4-6
2026-07-16-CRWD-1d,2026-07-16 19:20,2026-07-16,US,CRWD,cyber,llm_catalyst,up,0.62,up,session_open,+1.2,-0.8,1d,2,sector_tailwind,,IBMがサイバーセキュリティへの顧客支出シフトを示唆しており、CRWDへのポジティブ波及が期待される。インフレデータ改善も株価を押し上げる材料として報道済み。52週高値更新の勢いもある。,closed,207.17,203.76,-1.65,-2.15,FALSE,引け,model=claude-sonnet-4-6
2026-07-16-CRWD-3d,2026-07-16 19:20,2026-07-16,US,CRWD,cyber,llm_catalyst,up,0.62,up,session_open,+1.2,-0.8,3d,2,sector_tailwind,,IBMがサイバーセキュリティへの顧客支出シフトを示唆しており、CRWDへのポジティブ波及が期待される。インフレデータ改善も株価を押し上げる材料として報道済み。52週高値更新の勢いもある。,open,,,,,,,model=claude-sonnet-4-6
2026-07-16-PANW-1d,2026-07-16 19:20,2026-07-16,US,PANW,cyber,llm_catalyst,up,0.62,up,session_open,+1.2,-0.8,1d,2,sector_tailwind,,IBMがサイバーセキュリティへの顧客支出シフトを明言し、PANWへの直接的な需要増を示唆。5日+10%・20日+24%のトレンドが強く、サイバーセクターへの資金流入が続く。,closed,357.06,353.99,-0.86,-1.36,FALSE,引け,model=claude-sonnet-4-6
2026-07-16-PANW-3d,2026-07-16 19:20,2026-07-16,US,PANW,cyber,llm_catalyst,up,0.62,up,session_open,+1.2,-0.8,3d,2,sector_tailwind,,IBMがサイバーセキュリティへの顧客支出シフトを明言し、PANWへの直接的な需要増を示唆。5日+10%・20日+24%のトレンドが強く、サイバーセクターへの資金流入が続く。,open,,,,,,,model=claude-sonnet-4-6
2026-07-16-ZS-1d,2026-07-16 19:20,2026-07-16,US,ZS,cyber,llm_catalyst,up,0.55,flat,session_open,+1.2,-0.8,1d,1,sector_tailwind,,サイバー支出シフトの恩恵は受けるが、前日-2.6%と市場が上昇する中で相対的弱さを示しており、CRWD・PANWに比べ確信度が低い。見送り。,open,,,,,,,model=claude-sonnet-4-6
2026-07-16-ZS-3d,2026-07-16 19:20,2026-07-16,US,ZS,cyber,llm_catalyst,up,0.55,flat,session_open,+1.2,-0.8,3d,1,sector_tailwind,,サイバー支出シフトの恩恵は受けるが、前日-2.6%と市場が上昇する中で相対的弱さを示しており、CRWD・PANWに比べ確信度が低い。見送り。,open,,,,,,,model=claude-sonnet-4-6
2026-07-16-V-1d,2026-07-16 19:20,2026-07-16,US,V,payments,llm_catalyst,up,0.53,flat,session_open,+1.2,-0.8,1d,1,none,,固有のカタリストなし。決済セクターはPYPLの買収報道が話題を独占しており、VへはPYPL上昇の波及は限定的。見送り。,open,,,,,,,model=claude-sonnet-4-6
2026-07-16-V-3d,2026-07-16 19:20,2026-07-16,US,V,payments,llm_catalyst,up,0.53,flat,session_open,+1.2,-0.8,3d,1,none,,固有のカタリストなし。決済セクターはPYPLの買収報道が話題を独占しており、VへはPYPL上昇の波及は限定的。見送り。,open,,,,,,,model=claude-sonnet-4-6
2026-07-16-MA-1d,2026-07-16 19:20,2026-07-16,US,MA,payments,llm_catalyst,up,0.52,flat,session_open,+1.2,-0.8,1d,1,none,,固有のカタリストなし。規制圧力と新競合への懸念報道があり、見送り。,open,,,,,,,model=claude-sonnet-4-6
2026-07-16-MA-3d,2026-07-16 19:20,2026-07-16,US,MA,payments,llm_catalyst,up,0.52,flat,session_open,+1.2,-0.8,3d,1,none,,固有のカタリストなし。規制圧力と新競合への懸念報道があり、見送り。,open,,,,,,,model=claude-sonnet-4-6
2026-07-16-PYPL-1d,2026-07-16 19:20,2026-07-16,US,PYPL,payments,llm_catalyst,down,0.65,down,session_open,+1.2,-0.8,1d,2,ma_rumor_fade,,前日+17.2%急騰したStripe/Adventによる$530億買収報道だが、アナリストが「買収は程遠い」と指摘し、寄り前から売り圧力。材料出尽くし・噂先行での利益確定が続きやすい。,closed,55.41,56.73,-2.38,-2.88,FALSE,引け,model=claude-sonnet-4-6
2026-07-16-PYPL-3d,2026-07-16 19:20,2026-07-16,US,PYPL,payments,llm_catalyst,down,0.65,down,session_open,+1.2,-0.8,3d,2,ma_rumor_fade,,前日+17.2%急騰したStripe/Adventによる$530億買収報道だが、アナリストが「買収は程遠い」と指摘し、寄り前から売り圧力。材料出尽くし・噂先行での利益確定が続きやすい。,open,,,,,,,model=claude-sonnet-4-6
2026-07-16-SHOP-1d,2026-07-16 19:20,2026-07-16,US,SHOP,payments,llm_catalyst,down,0.54,flat,session_open,+1.2,-0.8,1d,1,none,,偽Shopifyストアを使った詐欺事件の報道はあるがブランド毀損として軽微。DoorDash提携はポジティブだが株価インパクトは限定的。見送り。,open,,,,,,,model=claude-sonnet-4-6
2026-07-16-SHOP-3d,2026-07-16 19:20,2026-07-16,US,SHOP,payments,llm_catalyst,down,0.54,flat,session_open,+1.2,-0.8,3d,1,none,,偽Shopifyストアを使った詐欺事件の報道はあるがブランド毀損として軽微。DoorDash提携はポジティブだが株価インパクトは限定的。見送り。,open,,,,,,,model=claude-sonnet-4-6
2026-07-16-TSLA-1d,2026-07-16 19:20,2026-07-16,US,TSLA,ev_clean,llm_catalyst,down,0.57,flat,session_open,+1.2,-0.8,1d,1,earnings_preview,,Q2決算が近づく中、ロボタクシー目標未達への批判とSpaceX合併観測の後退が重荷。ただし既に20日-4%と売られており、決算前のポジション整理は双方向。見送り。,open,,,,,,,model=claude-sonnet-4-6
2026-07-16-TSLA-3d,2026-07-16 19:20,2026-07-16,US,TSLA,ev_clean,llm_catalyst,down,0.57,flat,session_open,+1.2,-0.8,3d,1,earnings_preview,,Q2決算が近づく中、ロボタクシー目標未達への批判とSpaceX合併観測の後退が重荷。ただし既に20日-4%と売られており、決算前のポジション整理は双方向。見送り。,open,,,,,,,model=claude-sonnet-4-6
2026-07-16-RIVN-1d,2026-07-16 19:20,2026-07-16,US,RIVN,ev_clean,llm_catalyst,up,0.65,up,session_open,+1.2,-0.8,1d,2,equity_raise_guidance,,$11.6億の増資完了と2026年ガイダンス上方修正という明確なカタリストで前日+1.7%。EV底値圏での好材料であり、寄り付き後も上昇継続が見込まれる。,closed,17.70,17.09,-3.45,-3.95,FALSE,引け,model=claude-sonnet-4-6
2026-07-16-RIVN-3d,2026-07-16 19:20,2026-07-16,US,RIVN,ev_clean,llm_catalyst,up,0.65,up,session_open,+1.2,-0.8,3d,2,equity_raise_guidance,,$11.6億の増資完了と2026年ガイダンス上方修正という明確なカタリストで前日+1.7%。EV底値圏での好材料であり、寄り付き後も上昇継続が見込まれる。,open,,,,,,,model=claude-sonnet-4-6
2026-07-16-ENPH-1d,2026-07-16 19:20,2026-07-16,US,ENPH,ev_clean,llm_catalyst,down,0.55,flat,session_open,+1.2,-0.8,1d,1,none,,20日-16%のトレンド継続中で固有の新材料なし。$50以下の懸念株として報道されており下向きバイアスあるが、決定的カタリストに欠ける。見送り。,open,,,,,,,model=claude-sonnet-4-6
2026-07-16-ENPH-3d,2026-07-16 19:20,2026-07-16,US,ENPH,ev_clean,llm_catalyst,down,0.55,flat,session_open,+1.2,-0.8,3d,1,none,,20日-16%のトレンド継続中で固有の新材料なし。$50以下の懸念株として報道されており下向きバイアスあるが、決定的カタリストに欠ける。見送り。,open,,,,,,,model=claude-sonnet-4-6
2026-07-16-FSLR-1d,2026-07-16 19:20,2026-07-16,US,FSLR,ev_clean,llm_catalyst,down,0.60,flat,session_open,+1.2,-0.8,1d,2,legal_risk,,集団訴訟（関税・生産に関する虚偽説明）が継続しており頭上に重い法的リスク。ただし前日+1.5%のリバウンドもあり方向感が定まらない。見送り。,open,,,,,,,model=claude-sonnet-4-6
2026-07-16-FSLR-3d,2026-07-16 19:20,2026-07-16,US,FSLR,ev_clean,llm_catalyst,down,0.60,flat,session_open,+1.2,-0.8,3d,2,legal_risk,,集団訴訟（関税・生産に関する虚偽説明）が継続しており頭上に重い法的リスク。ただし前日+1.5%のリバウンドもあり方向感が定まらない。見送り。,open,,,,,,,model=claude-sonnet-4-6
2026-07-16-LLY-1d,2026-07-16 19:20,2026-07-16,US,LLY,healthcare,llm_catalyst,up,0.55,flat,session_open,+1.2,-0.8,1d,1,none,,ATAI買収プレミアム推測記事はあるがLLY本体への直接カタリストとしては弱い。Novo NordiskのWegovy競合動向がリスク。見送り。,open,,,,,,,model=claude-sonnet-4-6
2026-07-16-LLY-3d,2026-07-16 19:20,2026-07-16,US,LLY,healthcare,llm_catalyst,up,0.55,flat,session_open,+1.2,-0.8,3d,1,none,,ATAI買収プレミアム推測記事はあるがLLY本体への直接カタリストとしては弱い。Novo NordiskのWegovy競合動向がリスク。見送り。,open,,,,,,,model=claude-sonnet-4-6
2026-07-16-ISRG-1d,2026-07-16 19:20,2026-07-16,US,ISRG,healthcare,llm_catalyst,up,0.63,up,session_open,+1.2,-0.8,1d,2,sector_read_through,,J&Jの決算がIntuitiveにポジティブなリードスルーと明示的に報道されており、前日+2.5%の上昇後も決算前の期待買いが続く可能性がある。,closed,394.00,402.33,+2.11,+1.21,TRUE,引け,model=claude-sonnet-4-6
2026-07-16-ISRG-3d,2026-07-16 19:20,2026-07-16,US,ISRG,healthcare,llm_catalyst,up,0.63,up,session_open,+1.2,-0.8,3d,2,sector_read_through,,J&Jの決算がIntuitiveにポジティブなリードスルーと明示的に報道されており、前日+2.5%の上昇後も決算前の期待買いが続く可能性がある。,open,,,,,,,model=claude-sonnet-4-6
2026-07-16-VRTX-1d,2026-07-16 19:20,2026-07-16,US,VRTX,healthcare,llm_catalyst,up,0.60,flat,session_open,+1.2,-0.8,1d,2,acquisition,,Crinetics Pharmaceuticalsを$85/株・100%超プレミアムで買収するM&Aを発表。買収側として大型買収プレミアムへの懸念から株価下押し圧力があり得る。方向感が混在するため見送り。,open,,,,,,,model=claude-sonnet-4-6
2026-07-16-VRTX-3d,2026-07-16 19:20,2026-07-16,US,VRTX,healthcare,llm_catalyst,up,0.60,flat,session_open,+1.2,-0.8,3d,2,acquisition,,Crinetics Pharmaceuticalsを$85/株・100%超プレミアムで買収するM&Aを発表。買収側として大型買収プレミアムへの懸念から株価下押し圧力があり得る。方向感が混在するため見送り。,open,,,,,,,model=claude-sonnet-4-6
2026-07-16-REGN-1d,2026-07-16 19:20,2026-07-16,US,REGN,healthcare,llm_catalyst,up,0.53,flat,session_open,+1.2,-0.8,1d,1,none,,Q2での試験結果失望が報道されており、バイオファーマセクターのファンダメンタルズ回帰観測があるが固有の新カタリストに乏しい。見送り。,open,,,,,,,model=claude-sonnet-4-6
2026-07-16-REGN-3d,2026-07-16 19:20,2026-07-16,US,REGN,healthcare,llm_catalyst,up,0.53,flat,session_open,+1.2,-0.8,3d,1,none,,Q2での試験結果失望が報道されており、バイオファーマセクターのファンダメンタルズ回帰観測があるが固有の新カタリストに乏しい。見送り。,open,,,,,,,model=claude-sonnet-4-6
2026-07-16-DXCM-1d,2026-07-16 19:20,2026-07-16,US,DXCM,healthcare,llm_catalyst,up,0.58,flat,session_open,+1.2,-0.8,1d,1,regulatory_approval,,カナダ保健省のDexcom G7 15-day CGM承認は新市場開拓のポジティブ材料だが、株価は20日フラットで既に織り込まれている可能性。見送り。,open,,,,,,,model=claude-sonnet-4-6
2026-07-16-DXCM-3d,2026-07-16 19:20,2026-07-16,US,DXCM,healthcare,llm_catalyst,up,0.58,flat,session_open,+1.2,-0.8,3d,1,regulatory_approval,,カナダ保健省のDexcom G7 15-day CGM承認は新市場開拓のポジティブ材料だが、株価は20日フラットで既に織り込まれている可能性。見送り。,open,,,,,,,model=claude-sonnet-4-6
2026-07-16-CAT-1d,2026-07-16 19:20,2026-07-16,US,CAT,industrials,llm_catalyst,down,0.60,flat,session_open,+1.2,-0.8,1d,2,earnings_preview,,Q2決算が近く、前日-2%の下落。期待値が高い中で「ハードルが高い」との報道があり下方リスクがあるが、決算前日ではなく方向感が定まらない。見送り。,open,,,,,,,model=claude-sonnet-4-6
2026-07-16-CAT-3d,2026-07-16 19:20,2026-07-16,US,CAT,industrials,llm_catalyst,down,0.60,flat,session_open,+1.2,-0.8,3d,2,earnings_preview,,Q2決算が近く、前日-2%の下落。期待値が高い中で「ハードルが高い」との報道があり下方リスクがあるが、決算前日ではなく方向感が定まらない。見送り。,open,,,,,,,model=claude-sonnet-4-6
2026-07-16-DE-1d,2026-07-16 19:20,2026-07-16,US,DE,industrials,llm_catalyst,up,0.53,flat,session_open,+1.2,-0.8,1d,1,none,,FTC修理権訴訟和解がポジティブ材料だが小幅。固有の強いカタリストなし。見送り。,open,,,,,,,model=claude-sonnet-4-6
2026-07-16-DE-3d,2026-07-16 19:20,2026-07-16,US,DE,industrials,llm_catalyst,up,0.53,flat,session_open,+1.2,-0.8,3d,1,none,,FTC修理権訴訟和解がポジティブ材料だが小幅。固有の強いカタリストなし。見送り。,open,,,,,,,model=claude-sonnet-4-6
2026-07-16-GE-1d,2026-07-16 19:20,2026-07-16,US,GE,industrials,llm_catalyst,up,0.63,up,session_open,+1.2,-0.8,1d,2,earnings_preview,,GEアエロスペースの決算が早期発表予定で「ハードルが高い」との報道。前日+1.9%上昇で決算前期待買いが継続している。航空エンジン需要の底堅さが裏付け材料。,closed,353.22,345.73,-2.12,-2.62,FALSE,引け,model=claude-sonnet-4-6
2026-07-16-GE-3d,2026-07-16 19:20,2026-07-16,US,GE,industrials,llm_catalyst,up,0.63,up,session_open,+1.2,-0.8,3d,2,earnings_preview,,GEアエロスペースの決算が早期発表予定で「ハードルが高い」との報道。前日+1.9%上昇で決算前期待買いが継続している。航空エンジン需要の底堅さが裏付け材料。,open,,,,,,,model=claude-sonnet-4-6
2026-07-16-LMT-1d,2026-07-16 19:20,2026-07-16,US,LMT,industrials,llm_catalyst,up,0.53,flat,session_open,+1.2,-0.8,1d,1,none,,Wells Fargoが強気維持するが、20日-3%のトレンドが続いており防衛株への新規カタリストが不明確。見送り。,open,,,,,,,model=claude-sonnet-4-6
2026-07-16-LMT-3d,2026-07-16 19:20,2026-07-16,US,LMT,industrials,llm_catalyst,up,0.53,flat,session_open,+1.2,-0.8,3d,1,none,,Wells Fargoが強気維持するが、20日-3%のトレンドが続いており防衛株への新規カタリストが不明確。見送り。,open,,,,,,,model=claude-sonnet-4-6
2026-07-16-XOM-1d,2026-07-16 19:20,2026-07-16,US,XOM,energy,llm_catalyst,up,0.55,flat,session_open,+1.2,-0.8,1d,1,none,,ホルムズ懸念後退で原油上昇カタリストが薄れており、配当株として安定しているが短期デイトレードの値幅が期待しにくい。見送り。,open,,,,,,,model=claude-sonnet-4-6
2026-07-16-XOM-3d,2026-07-16 19:20,2026-07-16,US,XOM,energy,llm_catalyst,up,0.55,flat,session_open,+1.2,-0.8,3d,1,none,,ホルムズ懸念後退で原油上昇カタリストが薄れており、配当株として安定しているが短期デイトレードの値幅が期待しにくい。見送り。,open,,,,,,,model=claude-sonnet-4-6
2026-07-16-CVX-1d,2026-07-16 19:20,2026-07-16,US,CVX,energy,llm_catalyst,up,0.57,flat,session_open,+1.2,-0.8,1d,1,earnings_preview,,決算でのビート期待が報道されているが、前日ほぼ横ばいでエネルギー地合いも中立。往復コストカバーの値幅確信が不足。見送り。,open,,,,,,,model=claude-sonnet-4-6
2026-07-16-CVX-3d,2026-07-16 19:20,2026-07-16,US,CVX,energy,llm_catalyst,up,0.57,flat,session_open,+1.2,-0.8,3d,1,earnings_preview,,決算でのビート期待が報道されているが、前日ほぼ横ばいでエネルギー地合いも中立。往復コストカバーの値幅確信が不足。見送り。,open,,,,,,,model=claude-sonnet-4-6
2026-07-16-SLB-1d,2026-07-16 19:20,2026-07-16,US,SLB,energy,llm_catalyst,down,0.60,flat,session_open,+1.2,-0.8,1d,2,sector_concern,,BofAがオイルフィールドサービスセクターのQ2を「トリッキー」と表現し近期不確実性を警告。20日-11.5%のトレンド継続中だが固有の新カタリストが弱い。見送り。,open,,,,,,,model=claude-sonnet-4-6
2026-07-16-SLB-3d,2026-07-16 19:20,2026-07-16,US,SLB,energy,llm_catalyst,down,0.60,flat,session_open,+1.2,-0.8,3d,2,sector_concern,,BofAがオイルフィールドサービスセクターのQ2を「トリッキー」と表現し近期不確実性を警告。20日-11.5%のトレンド継続中だが固有の新カタリストが弱い。見送り。,open,,,,,,,model=claude-sonnet-4-6
2026-07-16-COST-1d,2026-07-16 19:20,2026-07-16,US,COST,consumer,llm_catalyst,down,0.55,flat,session_open,+1.2,-0.8,1d,1,none,,20日-6.4%の下落トレンドで固有の新カタリストなし。Dollar Generalのコストコ対抗策報道は長期的脅威だが短期インパクトは限定的。見送り。,open,,,,,,,model=claude-sonnet-4-6
2026-07-16-COST-3d,2026-07-16 19:20,2026-07-16,US,COST,consumer,llm_catalyst,down,0.55,flat,session_open,+1.2,-0.8,3d,1,none,,20日-6.4%の下落トレンドで固有の新カタリストなし。Dollar Generalのコストコ対抗策報道は長期的脅威だが短期インパクトは限定的。見送り。,open,,,,,,,model=claude-sonnet-4-6
2026-07-16-NKE-1d,2026-07-16 19:20,2026-07-16,US,NKE,consumer,llm_catalyst,down,0.57,flat,session_open,+1.2,-0.8,1d,1,none,,Dow除外観測やオンライン販売減少のネガティブ報道が続くが、株価はすでに低水準。新規カタリストに欠け見送り。,open,,,,,,,model=claude-sonnet-4-6
2026-07-16-NKE-3d,2026-07-16 19:20,2026-07-16,US,NKE,consumer,llm_catalyst,down,0.57,flat,session_open,+1.2,-0.8,3d,1,none,,Dow除外観測やオンライン販売減少のネガティブ報道が続くが、株価はすでに低水準。新規カタリストに欠け見送り。,open,,,,,,,model=claude-sonnet-4-6
2026-07-16-SBUX-1d,2026-07-16 19:20,2026-07-16,US,SBUX,consumer,llm_catalyst,up,0.55,flat,session_open,+1.2,-0.8,1d,1,earnings_preview,,決算プレビューが話題だが方向感がまちまち。AI活用コスト削減への懐疑論もあり、決算前のポジション取りとしては方向確信が低い。見送り。,open,,,,,,,model=claude-sonnet-4-6
2026-07-16-SBUX-3d,2026-07-16 19:20,2026-07-16,US,SBUX,consumer,llm_catalyst,up,0.55,flat,session_open,+1.2,-0.8,3d,1,earnings_preview,,決算プレビューが話題だが方向感がまちまち。AI活用コスト削減への懐疑論もあり、決算前のポジション取りとしては方向確信が低い。見送り。,open,,,,,,,model=claude-sonnet-4-6
2026-07-16-CMG-1d,2026-07-16 19:20,2026-07-16,US,CMG,consumer,llm_catalyst,down,0.58,flat,session_open,+1.2,-0.8,1d,1,none,,前日-4.9%の大幅下落後、Taco Bellレタス問題が競合への消費者シフトをもたらす可能性はあるが、CMGへの直接ポジティブカタリストとしては弱い。見送り。,open,,,,,,,model=claude-sonnet-4-6
2026-07-16-CMG-3d,2026-07-16 19:20,2026-07-16,US,CMG,consumer,llm_catalyst,down,0.58,flat,session_open,+1.2,-0.8,3d,1,none,,前日-4.9%の大幅下落後、Taco Bellレタス問題が競合への消費者シフトをもたらす可能性はあるが、CMGへの直接ポジティブカタリストとしては弱い。見送り。,open,,,,,,,model=claude-sonnet-4-6
2026-07-16-HD-1d,2026-07-16 19:20,2026-07-16,US,HD,consumer,llm_catalyst,up,0.53,flat,session_open,+1.2,-0.8,1d,1,none,,Q1好決算が既に知られており、前日+1.1%後の新規カタリストがない。見送り。,open,,,,,,,model=claude-sonnet-4-6
2026-07-16-HD-3d,2026-07-16 19:20,2026-07-16,US,HD,consumer,llm_catalyst,up,0.53,flat,session_open,+1.2,-0.8,3d,1,none,,Q1好決算が既に知られており、前日+1.1%後の新規カタリストがない。見送り。,open,,,,,,,model=claude-sonnet-4-6
2026-07-16-NFLX-1d,2026-07-16 19:20,2026-07-16,US,NFLX,media,llm_catalyst,up,0.68,up,session_open,+1.2,-0.8,1d,2,earnings,,本日（7/16）決算発表予定で、20日-10%の下落後に「センチメント回復の機会」と報道されている。期待値が低い中でのサプライズ余地があり、決算前のポジティブ期待買いが見込まれる。,closed,73.95,74.35,+0.54,+0.03,TRUE,引け,model=claude-sonnet-4-6
2026-07-16-NFLX-3d,2026-07-16 19:20,2026-07-16,US,NFLX,media,llm_catalyst,up,0.68,up,session_open,+1.2,-0.8,3d,2,earnings,,本日（7/16）決算発表予定で、20日-10%の下落後に「センチメント回復の機会」と報道されている。期待値が低い中でのサプライズ余地があり、決算前のポジティブ期待買いが見込まれる。,open,,,,,,,model=claude-sonnet-4-6
2026-07-16-DIS-1d,2026-07-16 19:20,2026-07-16,US,DIS,media,llm_catalyst,up,0.55,flat,session_open,+1.2,-0.8,1d,1,none,,「Netflixより魅力的」との記事はあるが具体的な新カタリストに欠ける。前日+1.3%後の追随買いを促す材料が薄い。見送り。,open,,,,,,,model=claude-sonnet-4-6
2026-07-16-DIS-3d,2026-07-16 19:20,2026-07-16,US,DIS,media,llm_catalyst,up,0.55,flat,session_open,+1.2,-0.8,3d,1,none,,「Netflixより魅力的」との記事はあるが具体的な新カタリストに欠ける。前日+1.3%後の追随買いを促す材料が薄い。見送り。,open,,,,,,,model=claude-sonnet-4-6
2026-07-16-TMUS-1d,2026-07-16 19:20,2026-07-16,US,TMUS,media,llm_catalyst,up,0.57,flat,session_open,+1.2,-0.8,1d,1,none,,Starlinkの脅威に打ち勝つ最良の携帯株との評価はあるが、新規カタリストがなく5日+4.2%後の追随は値幅確信が低い。見送り。,open,,,,,,,model=claude-sonnet-4-6
2026-07-16-TMUS-3d,2026-07-16 19:20,2026-07-16,US,TMUS,media,llm_catalyst,up,0.57,flat,session_open,+1.2,-0.8,3d,1,none,,Starlinkの脅威に打ち勝つ最良の携帯株との評価はあるが、新規カタリストがなく5日+4.2%後の追随は値幅確信が低い。見送り。,open,,,,,,,model=claude-sonnet-4-6
2026-07-16-JPM-1d,2026-07-16 19:20,2026-07-16,US,JPM,financials,llm_catalyst,up,0.57,flat,session_open,+1.2,-0.8,1d,1,none,,好決算・$1兆到達が既知材料として消化済み。フィラデルフィア造船への投資はニッチ。追加カタリストなし、見送り。,open,,,,,,,model=claude-sonnet-4-6
2026-07-16-JPM-3d,2026-07-16 19:20,2026-07-16,US,JPM,financials,llm_catalyst,up,0.57,flat,session_open,+1.2,-0.8,3d,1,none,,好決算・$1兆到達が既知材料として消化済み。フィラデルフィア造船への投資はニッチ。追加カタリストなし、見送り。,open,,,,,,,model=claude-sonnet-4-6
2026-07-16-GS-1d,2026-07-16 19:20,2026-07-16,US,GS,financials,llm_catalyst,up,0.67,up,session_open,+1.2,-0.8,1d,2,earnings,,Q2過去最高益・配当25%増配という強力なカタリストが報道済みで前日+1.1%、5日+11.9%の上昇継続中。ウォール街トレーダーの記録的好年を象徴する銘柄として資金流入が続く。,closed,1147.65,1095.46,-4.55,-5.05,FALSE,引け,model=claude-sonnet-4-6
2026-07-16-GS-3d,2026-07-16 19:20,2026-07-16,US,GS,financials,llm_catalyst,up,0.67,up,session_open,+1.2,-0.8,3d,2,earnings,,Q2過去最高益・配当25%増配という強力なカタリストが報道済みで前日+1.1%、5日+11.9%の上昇継続中。ウォール街トレーダーの記録的好年を象徴する銘柄として資金流入が続く。,open,,,,,,,model=claude-sonnet-4-6
2026-07-16-NEM-1d,2026-07-16 19:20,2026-07-16,US,NEM,diversifier,llm_catalyst,up,0.55,flat,session_open,+1.2,-0.8,1d,1,none,,Cadia鉱山操業再開はポジティブだが20日-10%の下落トレンドにあり、金価格連動の動きが支配的で固有カタリストとしては弱い。見送り。,open,,,,,,,model=claude-sonnet-4-6
2026-07-16-NEM-3d,2026-07-16 19:20,2026-07-16,US,NEM,diversifier,llm_catalyst,up,0.55,flat,session_open,+1.2,-0.8,3d,1,none,,Cadia鉱山操業再開はポジティブだが20日-10%の下落トレンドにあり、金価格連動の動きが支配的で固有カタリストとしては弱い。見送り。,open,,,,,,,model=claude-sonnet-4-6
2026-07-16-FCX-1d,2026-07-16 19:20,2026-07-16,US,FCX,diversifier,llm_catalyst,up,0.60,flat,session_open,+1.2,-0.8,1d,2,analyst_upgrade,,Morgan Stanleyが目標株価を引き上げたが、20日-13%のトレンド中で5日+6%のリバウンド後。銅価格動向に依存しており短期デイトレードとして値幅確信が低い。見送り。,open,,,,,,,model=claude-sonnet-4-6
2026-07-16-FCX-3d,2026-07-16 19:20,2026-07-16,US,FCX,diversifier,llm_catalyst,up,0.60,flat,session_open,+1.2,-0.8,3d,2,analyst_upgrade,,Morgan Stanleyが目標株価を引き上げたが、20日-13%のトレンド中で5日+6%のリバウンド後。銅価格動向に依存しており短期デイトレードとして値幅確信が低い。見送り。,open,,,,,,,model=claude-sonnet-4-6
2026-07-17-NVDA-1d,2026-07-17 19:07,2026-07-17,US,NVDA,semis,llm_catalyst,up,0.58,flat,session_open,+1.2,-0.8,1d,1,sector_rotation,,TSMCの設備投資・売上予測引き上げはAIチップ需要の強さを示すポジティブ材料だが、チップセクター全体の売り圧力が継続しており、方向性が拮抗している。往復コストを上回る確信度が得られないため見送り。,open,,,,,,,model=claude-sonnet-4-6
2026-07-17-NVDA-3d,2026-07-17 19:07,2026-07-17,US,NVDA,semis,llm_catalyst,up,0.58,flat,session_open,+1.2,-0.8,3d,1,sector_rotation,,TSMCの設備投資・売上予測引き上げはAIチップ需要の強さを示すポジティブ材料だが、チップセクター全体の売り圧力が継続しており、方向性が拮抗している。往復コストを上回る確信度が得られないため見送り。,open,,,,,,,model=claude-sonnet-4-6
2026-07-17-AMD-1d,2026-07-17 19:07,2026-07-17,US,AMD,semis,llm_catalyst,down,0.62,down,session_open,+1.2,-0.8,1d,2,sector_selloff,,5日間で-8.4%の急落中にもかかわらず、チップセクター全体の売り圧力が継続しており、明確な反発カタリストが見当たらない。メモリ・半導体株の下落トレンドが継続する可能性が高い。,open,,,,,,,model=claude-sonnet-4-6
2026-07-17-AMD-3d,2026-07-17 19:07,2026-07-17,US,AMD,semis,llm_catalyst,down,0.62,down,session_open,+1.2,-0.8,3d,2,sector_selloff,,5日間で-8.4%の急落中にもかかわらず、チップセクター全体の売り圧力が継続しており、明確な反発カタリストが見当たらない。メモリ・半導体株の下落トレンドが継続する可能性が高い。,open,,,,,,,model=claude-sonnet-4-6
2026-07-17-AVGO-1d,2026-07-17 19:07,2026-07-17,US,AVGO,semis,llm_catalyst,down,0.60,down,session_open,+1.2,-0.8,1d,2,sector_selloff,,5日間で-6.7%の下落が続き、NXPとともに「チップ株がAIで激変」との報道が圧力をかけている。反発の明確なカタリストが見当たらず、下落継続の傾きが強い。,open,,,,,,,model=claude-sonnet-4-6
2026-07-17-AVGO-3d,2026-07-17 19:07,2026-07-17,US,AVGO,semis,llm_catalyst,down,0.60,down,session_open,+1.2,-0.8,3d,2,sector_selloff,,5日間で-6.7%の下落が続き、NXPとともに「チップ株がAIで激変」との報道が圧力をかけている。反発の明確なカタリストが見当たらず、下落継続の傾きが強い。,open,,,,,,,model=claude-sonnet-4-6
2026-07-17-MU-1d,2026-07-17 19:07,2026-07-17,US,MU,semis,llm_catalyst,down,0.65,down,session_open,+1.2,-0.8,1d,2,sector_selloff,,20日間で-16.4%という深刻な下落トレンドが続き、メモリチップ株の売りが継続中。小売投資家の買いが入っているが機関投資家の売り圧力が上回っており、反発カタリストがない。,open,,,,,,,model=claude-sonnet-4-6
2026-07-17-MU-3d,2026-07-17 19:07,2026-07-17,US,MU,semis,llm_catalyst,down,0.65,down,session_open,+1.2,-0.8,3d,2,sector_selloff,,20日間で-16.4%という深刻な下落トレンドが続き、メモリチップ株の売りが継続中。小売投資家の買いが入っているが機関投資家の売り圧力が上回っており、反発カタリストがない。,open,,,,,,,model=claude-sonnet-4-6
2026-07-17-TSM-1d,2026-07-17 19:07,2026-07-17,US,TSM,semis,llm_catalyst,up,0.55,flat,session_open,+1.2,-0.8,1d,1,guidance_raise,,TSMCが設備投資と売上予測を引き上げたことは明確なポジティブカタリストだが、既に株価に織り込まれている可能性があり、欧米のチップ株連鎖下落が相殺する。確信度が低く見送り。,open,,,,,,,model=claude-sonnet-4-6
2026-07-17-TSM-3d,2026-07-17 19:07,2026-07-17,US,TSM,semis,llm_catalyst,up,0.55,flat,session_open,+1.2,-0.8,3d,1,guidance_raise,,TSMCが設備投資と売上予測を引き上げたことは明確なポジティブカタリストだが、既に株価に織り込まれている可能性があり、欧米のチップ株連鎖下落が相殺する。確信度が低く見送り。,open,,,,,,,model=claude-sonnet-4-6
2026-07-17-AAPL-1d,2026-07-17 19:07,2026-07-17,US,AAPL,megacap,llm_catalyst,up,0.63,up,session_open,+1.2,-0.8,1d,2,sector_rotation,,チップから「マグニフィセント7」への3.2兆ドル規模の資金ローテーションが進んでおり、AAPLは52週高値を更新。HSBCがさらに10%の上昇余地を示し、強い上昇モメンタムがある。,open,,,,,,,model=claude-sonnet-4-6
2026-07-17-AAPL-3d,2026-07-17 19:07,2026-07-17,US,AAPL,megacap,llm_catalyst,up,0.63,up,session_open,+1.2,-0.8,3d,2,sector_rotation,,チップから「マグニフィセント7」への3.2兆ドル規模の資金ローテーションが進んでおり、AAPLは52週高値を更新。HSBCがさらに10%の上昇余地を示し、強い上昇モメンタムがある。,open,,,,,,,model=claude-sonnet-4-6
2026-07-17-MSFT-1d,2026-07-17 19:07,2026-07-17,US,MSFT,megacap,llm_catalyst,up,0.57,flat,session_open,+1.2,-0.8,1d,1,sector_rotation,,マグニフィセント7への資金ローテーションの恩恵を受けているが、AIへの支出懸念とチップ株下落の波及リスクがあり、確信度が低い。決算前の不透明感もあり見送り。,open,,,,,,,model=claude-sonnet-4-6
2026-07-17-MSFT-3d,2026-07-17 19:07,2026-07-17,US,MSFT,megacap,llm_catalyst,up,0.57,flat,session_open,+1.2,-0.8,3d,1,sector_rotation,,マグニフィセント7への資金ローテーションの恩恵を受けているが、AIへの支出懸念とチップ株下落の波及リスクがあり、確信度が低い。決算前の不透明感もあり見送り。,open,,,,,,,model=claude-sonnet-4-6
2026-07-17-GOOGL-1d,2026-07-17 19:07,2026-07-17,US,GOOGL,megacap,llm_catalyst,down,0.63,down,session_open,+1.2,-0.8,1d,2,sector_selloff,,前日-4.4%の急落に加え、チップ株売りがNasdaqを圧迫しAlphabet株も連れ安。7月22日決算前の不安感から売りが継続する可能性が高い。,open,,,,,,,model=claude-sonnet-4-6
2026-07-17-GOOGL-3d,2026-07-17 19:07,2026-07-17,US,GOOGL,megacap,llm_catalyst,down,0.63,down,session_open,+1.2,-0.8,3d,2,sector_selloff,,前日-4.4%の急落に加え、チップ株売りがNasdaqを圧迫しAlphabet株も連れ安。7月22日決算前の不安感から売りが継続する可能性が高い。,open,,,,,,,model=claude-sonnet-4-6
2026-07-17-AMZN-1d,2026-07-17 19:07,2026-07-17,US,AMZN,megacap,llm_catalyst,down,0.54,flat,session_open,+1.2,-0.8,1d,1,none,,AI支出への注目が集まるが、明確な短期カタリストがなく方向感が出にくい。見送り。,open,,,,,,,model=claude-sonnet-4-6
2026-07-17-AMZN-3d,2026-07-17 19:07,2026-07-17,US,AMZN,megacap,llm_catalyst,down,0.54,flat,session_open,+1.2,-0.8,3d,1,none,,AI支出への注目が集まるが、明確な短期カタリストがなく方向感が出にくい。見送り。,open,,,,,,,model=claude-sonnet-4-6
2026-07-17-META-1d,2026-07-17 19:07,2026-07-17,US,META,megacap,llm_catalyst,up,0.58,flat,session_open,+1.2,-0.8,1d,1,capex_news,,データセンター計画がAI支出問題を解決する可能性との報道はポジティブだが、前日-2.5%の下落とチップ株売りの余波で上値が重い。決算前の観望ムードで見送り。,open,,,,,,,model=claude-sonnet-4-6
2026-07-17-META-3d,2026-07-17 19:07,2026-07-17,US,META,megacap,llm_catalyst,up,0.58,flat,session_open,+1.2,-0.8,3d,1,capex_news,,データセンター計画がAI支出問題を解決する可能性との報道はポジティブだが、前日-2.5%の下落とチップ株売りの余波で上値が重い。決算前の観望ムードで見送り。,open,,,,,,,model=claude-sonnet-4-6
2026-07-17-ORCL-1d,2026-07-17 19:07,2026-07-17,US,ORCL,software,llm_catalyst,down,0.72,down,session_open,+1.2,-0.8,1d,2,guidance_cut,,20日間で-34%という壊滅的な下落が続き、52週安値を更新。「AIバックログは大きいが執行リスクがある」との評価と債務増加懸念が売りを加速させており、反発カタリストが見えない。,open,,,,,,,model=claude-sonnet-4-6
2026-07-17-ORCL-3d,2026-07-17 19:07,2026-07-17,US,ORCL,software,llm_catalyst,down,0.72,down,session_open,+1.2,-0.8,3d,2,guidance_cut,,20日間で-34%という壊滅的な下落が続き、52週安値を更新。「AIバックログは大きいが執行リスクがある」との評価と債務増加懸念が売りを加速させており、反発カタリストが見えない。,open,,,,,,,model=claude-sonnet-4-6
2026-07-17-CRM-1d,2026-07-17 19:07,2026-07-17,US,CRM,software,llm_catalyst,up,0.60,flat,session_open,+1.2,-0.8,1d,2,contract_win,,空軍との契約獲得は明確なポジティブカタリストだが、前日+3.4%の上昇で既に織り込まれている可能性が高く、追加的な上昇余地が限定的。見送り。,open,,,,,,,model=claude-sonnet-4-6
2026-07-17-CRM-3d,2026-07-17 19:07,2026-07-17,US,CRM,software,llm_catalyst,up,0.60,flat,session_open,+1.2,-0.8,3d,2,contract_win,,空軍との契約獲得は明確なポジティブカタリストだが、前日+3.4%の上昇で既に織り込まれている可能性が高く、追加的な上昇余地が限定的。見送り。,open,,,,,,,model=claude-sonnet-4-6
2026-07-17-NOW-1d,2026-07-17 19:07,2026-07-17,US,NOW,software,llm_catalyst,down,0.52,flat,session_open,+1.2,-0.8,1d,1,none,,明確なカタリストがなく、方向感が不明瞭。見送り。,open,,,,,,,model=claude-sonnet-4-6
2026-07-17-NOW-3d,2026-07-17 19:07,2026-07-17,US,NOW,software,llm_catalyst,down,0.52,flat,session_open,+1.2,-0.8,3d,1,none,,明確なカタリストがなく、方向感が不明瞭。見送り。,open,,,,,,,model=claude-sonnet-4-6
2026-07-17-SNOW-1d,2026-07-17 19:07,2026-07-17,US,SNOW,software,llm_catalyst,up,0.54,flat,session_open,+1.2,-0.8,1d,1,none,,CEO報酬プランと再評価記事はあるが、短期的な強いカタリストとは言えない。見送り。,open,,,,,,,model=claude-sonnet-4-6
2026-07-17-SNOW-3d,2026-07-17 19:07,2026-07-17,US,SNOW,software,llm_catalyst,up,0.54,flat,session_open,+1.2,-0.8,3d,1,none,,CEO報酬プランと再評価記事はあるが、短期的な強いカタリストとは言えない。見送り。,open,,,,,,,model=claude-sonnet-4-6
2026-07-17-DDOG-1d,2026-07-17 19:07,2026-07-17,US,DDOG,software,llm_catalyst,up,0.55,flat,session_open,+1.2,-0.8,1d,1,analyst_recognition,,GartnerのAIオブザービリティ首位認定はポジティブだが、既に20日間+13.5%の上昇で織り込まれており、明確な短期トリガーがない。見送り。,open,,,,,,,model=claude-sonnet-4-6
2026-07-17-DDOG-3d,2026-07-17 19:07,2026-07-17,US,DDOG,software,llm_catalyst,up,0.55,flat,session_open,+1.2,-0.8,3d,1,analyst_recognition,,GartnerのAIオブザービリティ首位認定はポジティブだが、既に20日間+13.5%の上昇で織り込まれており、明確な短期トリガーがない。見送り。,open,,,,,,,model=claude-sonnet-4-6
2026-07-17-ADBE-1d,2026-07-17 19:07,2026-07-17,US,ADBE,software,llm_catalyst,up,0.57,flat,session_open,+1.2,-0.8,1d,1,none,,前日+4.8%の急上昇後で利益確定売りリスクがあり、明確な追加カタリストも見当たらない。見送り。,open,,,,,,,model=claude-sonnet-4-6
2026-07-17-ADBE-3d,2026-07-17 19:07,2026-07-17,US,ADBE,software,llm_catalyst,up,0.57,flat,session_open,+1.2,-0.8,3d,1,none,,前日+4.8%の急上昇後で利益確定売りリスクがあり、明確な追加カタリストも見当たらない。見送り。,open,,,,,,,model=claude-sonnet-4-6
2026-07-17-CRWD-1d,2026-07-17 19:07,2026-07-17,US,CRWD,cyber,llm_catalyst,up,0.58,flat,session_open,+1.2,-0.8,1d,1,none,,52週高値更新のニュースはあるが、同時にフルバリューとの評価もあり方向感が拮抗している。見送り。,open,,,,,,,model=claude-sonnet-4-6
2026-07-17-CRWD-3d,2026-07-17 19:07,2026-07-17,US,CRWD,cyber,llm_catalyst,up,0.58,flat,session_open,+1.2,-0.8,3d,1,none,,52週高値更新のニュースはあるが、同時にフルバリューとの評価もあり方向感が拮抗している。見送り。,open,,,,,,,model=claude-sonnet-4-6
2026-07-17-PANW-1d,2026-07-17 19:07,2026-07-17,US,PANW,cyber,llm_catalyst,up,0.57,flat,session_open,+1.2,-0.8,1d,1,none,,20日間+26.5%の上昇後で高値圏にあり、AIトークン価格低下希望のニュースはネガティブになり得る。明確な短期カタリストがなく見送り。,open,,,,,,,model=claude-sonnet-4-6
2026-07-17-PANW-3d,2026-07-17 19:07,2026-07-17,US,PANW,cyber,llm_catalyst,up,0.57,flat,session_open,+1.2,-0.8,3d,1,none,,20日間+26.5%の上昇後で高値圏にあり、AIトークン価格低下希望のニュースはネガティブになり得る。明確な短期カタリストがなく見送り。,open,,,,,,,model=claude-sonnet-4-6
2026-07-17-ZS-1d,2026-07-17 19:07,2026-07-17,US,ZS,cyber,llm_catalyst,up,0.52,flat,session_open,+1.2,-0.8,1d,1,none,,明確なカタリストがなく見送り。,open,,,,,,,model=claude-sonnet-4-6
2026-07-17-ZS-3d,2026-07-17 19:07,2026-07-17,US,ZS,cyber,llm_catalyst,up,0.52,flat,session_open,+1.2,-0.8,3d,1,none,,明確なカタリストがなく見送り。,open,,,,,,,model=claude-sonnet-4-6
2026-07-17-V-1d,2026-07-17 19:07,2026-07-17,US,V,payments,llm_catalyst,up,0.62,flat,session_open,+1.2,-0.8,1d,2,product_launch,,AIマイクロ決済向けステーブルコインプラットフォーム発表はポジティブだが、前日+2.8%で既に反応済みの可能性があり、追加上昇の確信度が低い。見送り。,open,,,,,,,model=claude-sonnet-4-6
2026-07-17-V-3d,2026-07-17 19:07,2026-07-17,US,V,payments,llm_catalyst,up,0.62,flat,session_open,+1.2,-0.8,3d,2,product_launch,,AIマイクロ決済向けステーブルコインプラットフォーム発表はポジティブだが、前日+2.8%で既に反応済みの可能性があり、追加上昇の確信度が低い。見送り。,open,,,,,,,model=claude-sonnet-4-6
2026-07-17-MA-1d,2026-07-17 19:07,2026-07-17,US,MA,payments,llm_catalyst,up,0.60,flat,session_open,+1.2,-0.8,1d,2,analyst_upgrade,,VisaとMastercardを支払いセクターで好選好するアナリスト評価はポジティブだが、既に反映されており、短期的な追加カタリストが乏しい。見送り。,open,,,,,,,model=claude-sonnet-4-6
2026-07-17-MA-3d,2026-07-17 19:07,2026-07-17,US,MA,payments,llm_catalyst,up,0.60,flat,session_open,+1.2,-0.8,3d,2,analyst_upgrade,,VisaとMastercardを支払いセクターで好選好するアナリスト評価はポジティブだが、既に反映されており、短期的な追加カタリストが乏しい。見送り。,open,,,,,,,model=claude-sonnet-4-6
2026-07-17-PYPL-1d,2026-07-17 19:07,2026-07-17,US,PYPL,payments,llm_catalyst,up,0.55,flat,session_open,+1.2,-0.8,1d,1,ma_rumor,,53億ドルのStripe-Advent買収報道で5日間+25.2%急騰したが、取締役会が価格を不十分と判断したとの報道で上値が抑えられている。買収成否が不透明で方向感が難しく見送り。,open,,,,,,,model=claude-sonnet-4-6
2026-07-17-PYPL-3d,2026-07-17 19:07,2026-07-17,US,PYPL,payments,llm_catalyst,up,0.55,flat,session_open,+1.2,-0.8,3d,1,ma_rumor,,53億ドルのStripe-Advent買収報道で5日間+25.2%急騰したが、取締役会が価格を不十分と判断したとの報道で上値が抑えられている。買収成否が不透明で方向感が難しく見送り。,open,,,,,,,model=claude-sonnet-4-6
2026-07-17-SHOP-1d,2026-07-17 19:07,2026-07-17,US,SHOP,payments,llm_catalyst,up,0.53,flat,session_open,+1.2,-0.8,1d,1,none,,DoorDashとの提携はポジティブだが小幅な材料で、NFL詐欺スキームのネガティブ報道と相殺される。見送り。,open,,,,,,,model=claude-sonnet-4-6
2026-07-17-SHOP-3d,2026-07-17 19:07,2026-07-17,US,SHOP,payments,llm_catalyst,up,0.53,flat,session_open,+1.2,-0.8,3d,1,none,,DoorDashとの提携はポジティブだが小幅な材料で、NFL詐欺スキームのネガティブ報道と相殺される。見送り。,open,,,,,,,model=claude-sonnet-4-6
2026-07-17-TSLA-1d,2026-07-17 19:07,2026-07-17,US,TSLA,ev_clean,llm_catalyst,down,0.57,flat,session_open,+1.2,-0.8,1d,1,none,,7月22日決算前の観望ムードで方向感が出にくい。下落傾向があるが確信度が低く見送り。,open,,,,,,,model=claude-sonnet-4-6
2026-07-17-TSLA-3d,2026-07-17 19:07,2026-07-17,US,TSLA,ev_clean,llm_catalyst,down,0.57,flat,session_open,+1.2,-0.8,3d,1,none,,7月22日決算前の観望ムードで方向感が出にくい。下落傾向があるが確信度が低く見送り。,open,,,,,,,model=claude-sonnet-4-6
2026-07-17-RIVN-1d,2026-07-17 19:07,2026-07-17,US,RIVN,ev_clean,llm_catalyst,down,0.58,flat,session_open,+1.2,-0.8,1d,1,none,,Lucidの復活でEV関連の注目が集まるが、RIVNへの直接的なカタリストがなく見送り。,open,,,,,,,model=claude-sonnet-4-6
2026-07-17-RIVN-3d,2026-07-17 19:07,2026-07-17,US,RIVN,ev_clean,llm_catalyst,down,0.58,flat,session_open,+1.2,-0.8,3d,1,none,,Lucidの復活でEV関連の注目が集まるが、RIVNへの直接的なカタリストがなく見送り。,open,,,,,,,model=claude-sonnet-4-6
2026-07-17-ENPH-1d,2026-07-17 19:07,2026-07-17,US,ENPH,ev_clean,llm_catalyst,down,0.65,down,session_open,+1.2,-0.8,1d,2,sector_selloff,,20日間で-18.3%の深刻な下落が続き、太陽光セクターへの懸念記事が複数出ている。関税・税額控除の不確実性が続いており、反発カタリストが見えない。,open,,,,,,,model=claude-sonnet-4-6
2026-07-17-ENPH-3d,2026-07-17 19:07,2026-07-17,US,ENPH,ev_clean,llm_catalyst,down,0.65,down,session_open,+1.2,-0.8,3d,2,sector_selloff,,20日間で-18.3%の深刻な下落が続き、太陽光セクターへの懸念記事が複数出ている。関税・税額控除の不確実性が続いており、反発カタリストが見えない。,open,,,,,,,model=claude-sonnet-4-6
2026-07-17-FSLR-1d,2026-07-17 19:07,2026-07-17,US,FSLR,ev_clean,llm_catalyst,down,0.65,down,session_open,+1.2,-0.8,1d,2,legal_risk,,集団訴訟提起と関税・生産に関する主張への疑義が重なり、20日間で-19.8%の下落が続いている。法的リスクが継続的な売り圧力となる。,open,,,,,,,model=claude-sonnet-4-6
2026-07-17-FSLR-3d,2026-07-17 19:07,2026-07-17,US,FSLR,ev_clean,llm_catalyst,down,0.65,down,session_open,+1.2,-0.8,3d,2,legal_risk,,集団訴訟提起と関税・生産に関する主張への疑義が重なり、20日間で-19.8%の下落が続いている。法的リスクが継続的な売り圧力となる。,open,,,,,,,model=claude-sonnet-4-6
2026-07-17-LLY-1d,2026-07-17 19:07,2026-07-17,US,LLY,healthcare,llm_catalyst,up,0.64,up,session_open,+1.2,-0.8,1d,2,acquisition,,AtaiBeckleyを最大38億ドルで買収するサイケデリック系うつ病治療薬への賭けは、ウェイトロス以外の成長パイプライン拡大を示す明確なカタリスト。52週高値更新も伴っている。,open,,,,,,,model=claude-sonnet-4-6
2026-07-17-LLY-3d,2026-07-17 19:07,2026-07-17,US,LLY,healthcare,llm_catalyst,up,0.64,up,session_open,+1.2,-0.8,3d,2,acquisition,,AtaiBeckleyを最大38億ドルで買収するサイケデリック系うつ病治療薬への賭けは、ウェイトロス以外の成長パイプライン拡大を示す明確なカタリスト。52週高値更新も伴っている。,open,,,,,,,model=claude-sonnet-4-6
2026-07-17-ISRG-1d,2026-07-17 19:07,2026-07-17,US,ISRG,healthcare,llm_catalyst,up,0.62,up,session_open,+1.2,-0.8,1d,2,earnings,,Q2決算でコンセンサスを上回る業績を発表し、前日+3.4%上昇。直近の決算ハイライトが好内容であれば寄り付き後も買い継続が期待できる。,open,,,,,,,model=claude-sonnet-4-6
2026-07-17-ISRG-3d,2026-07-17 19:07,2026-07-17,US,ISRG,healthcare,llm_catalyst,up,0.62,up,session_open,+1.2,-0.8,3d,2,earnings,,Q2決算でコンセンサスを上回る業績を発表し、前日+3.4%上昇。直近の決算ハイライトが好内容であれば寄り付き後も買い継続が期待できる。,open,,,,,,,model=claude-sonnet-4-6
2026-07-17-VRTX-1d,2026-07-17 19:07,2026-07-17,US,VRTX,healthcare,llm_catalyst,up,0.54,flat,session_open,+1.2,-0.8,1d,1,none,,明確な短期カタリストがなく見送り。,open,,,,,,,model=claude-sonnet-4-6
2026-07-17-VRTX-3d,2026-07-17 19:07,2026-07-17,US,VRTX,healthcare,llm_catalyst,up,0.54,flat,session_open,+1.2,-0.8,3d,1,none,,明確な短期カタリストがなく見送り。,open,,,,,,,model=claude-sonnet-4-6
2026-07-17-REGN-1d,2026-07-17 19:07,2026-07-17,US,REGN,healthcare,llm_catalyst,up,0.56,flat,session_open,+1.2,-0.8,1d,1,none,,Merckの承認ニュースはREGNへの直接的なカタリストではなく、見送り。,open,,,,,,,model=claude-sonnet-4-6
2026-07-17-REGN-3d,2026-07-17 19:07,2026-07-17,US,REGN,healthcare,llm_catalyst,up,0.56,flat,session_open,+1.2,-0.8,3d,1,none,,Merckの承認ニュースはREGNへの直接的なカタリストではなく、見送り。,open,,,,,,,model=claude-sonnet-4-6
2026-07-17-DXCM-1d,2026-07-17 19:07,2026-07-17,US,DXCM,healthcare,llm_catalyst,up,0.66,up,session_open,+1.2,-0.8,1d,2,regulatory_approval,,ヘルスカナダによるDexcom G7 15日CGMの承認取得は明確なポジティブカタリスト。前日+7.2%の急騰に続き、新市場アクセス拡大が更なる上昇を支える。,open,,,,,,,model=claude-sonnet-4-6
2026-07-17-DXCM-3d,2026-07-17 19:07,2026-07-17,US,DXCM,healthcare,llm_catalyst,up,0.66,up,session_open,+1.2,-0.8,3d,2,regulatory_approval,,ヘルスカナダによるDexcom G7 15日CGMの承認取得は明確なポジティブカタリスト。前日+7.2%の急騰に続き、新市場アクセス拡大が更なる上昇を支える。,open,,,,,,,model=claude-sonnet-4-6
2026-07-17-CAT-1d,2026-07-17 19:07,2026-07-17,US,CAT,industrials,llm_catalyst,down,0.58,flat,session_open,+1.2,-0.8,1d,1,none,,チップ株下落に連動した売りがあるが、直接的なカタリストがなく確信度が低い。見送り。,open,,,,,,,model=claude-sonnet-4-6
2026-07-17-CAT-3d,2026-07-17 19:07,2026-07-17,US,CAT,industrials,llm_catalyst,down,0.58,flat,session_open,+1.2,-0.8,3d,1,none,,チップ株下落に連動した売りがあるが、直接的なカタリストがなく確信度が低い。見送り。,open,,,,,,,model=claude-sonnet-4-6
2026-07-17-DE-1d,2026-07-17 19:07,2026-07-17,US,DE,industrials,llm_catalyst,up,0.54,flat,session_open,+1.2,-0.8,1d,1,none,,FTCとの修理権紛争解決が期待されるが、確認されたカタリストではなく見送り。,open,,,,,,,model=claude-sonnet-4-6
2026-07-17-DE-3d,2026-07-17 19:07,2026-07-17,US,DE,industrials,llm_catalyst,up,0.54,flat,session_open,+1.2,-0.8,3d,1,none,,FTCとの修理権紛争解決が期待されるが、確認されたカタリストではなく見送り。,open,,,,,,,model=claude-sonnet-4-6
2026-07-17-GE-1d,2026-07-17 19:07,2026-07-17,US,GE,industrials,llm_catalyst,down,0.57,flat,session_open,+1.2,-0.8,1d,1,none,,強いQ2決算発表後も株価が2週連続下落しており、「買い場」vs「続落」で方向感が拮抗。確信度が低く見送り。,open,,,,,,,model=claude-sonnet-4-6
2026-07-17-GE-3d,2026-07-17 19:07,2026-07-17,US,GE,industrials,llm_catalyst,down,0.57,flat,session_open,+1.2,-0.8,3d,1,none,,強いQ2決算発表後も株価が2週連続下落しており、「買い場」vs「続落」で方向感が拮抗。確信度が低く見送り。,open,,,,,,,model=claude-sonnet-4-6
2026-07-17-LMT-1d,2026-07-17 19:07,2026-07-17,US,LMT,industrials,llm_catalyst,up,0.57,flat,session_open,+1.2,-0.8,1d,1,earnings_preview,,来週の決算発表前で観望ムード。明確な短期カタリストがなく見送り。,open,,,,,,,model=claude-sonnet-4-6
2026-07-17-LMT-3d,2026-07-17 19:07,2026-07-17,US,LMT,industrials,llm_catalyst,up,0.57,flat,session_open,+1.2,-0.8,3d,1,earnings_preview,,来週の決算発表前で観望ムード。明確な短期カタリストがなく見送り。,open,,,,,,,model=claude-sonnet-4-6
2026-07-17-XOM-1d,2026-07-17 19:07,2026-07-17,US,XOM,energy,llm_catalyst,up,0.58,flat,session_open,+1.2,-0.8,1d,1,geopolitical,,イラン緊張によるホルムズ海峡リスクがエネルギー株の追い風になり得るが、前日+1%で既に反応済み。確信度が低く見送り。,open,,,,,,,model=claude-sonnet-4-6
2026-07-17-XOM-3d,2026-07-17 19:07,2026-07-17,US,XOM,energy,llm_catalyst,up,0.58,flat,session_open,+1.2,-0.8,3d,1,geopolitical,,イラン緊張によるホルムズ海峡リスクがエネルギー株の追い風になり得るが、前日+1%で既に反応済み。確信度が低く見送り。,open,,,,,,,model=claude-sonnet-4-6
2026-07-17-CVX-1d,2026-07-17 19:07,2026-07-17,US,CVX,energy,llm_catalyst,up,0.60,flat,session_open,+1.2,-0.8,1d,2,geopolitical,,ホルムズ海峡を回避するパイプライン検討のニュースはポジティブだが、既に5日間+5.6%上昇しており追加的な上昇余地が限定的。見送り。,open,,,,,,,model=claude-sonnet-4-6
2026-07-17-CVX-3d,2026-07-17 19:07,2026-07-17,US,CVX,energy,llm_catalyst,up,0.60,flat,session_open,+1.2,-0.8,3d,2,geopolitical,,ホルムズ海峡を回避するパイプライン検討のニュースはポジティブだが、既に5日間+5.6%上昇しており追加的な上昇余地が限定的。見送り。,open,,,,,,,model=claude-sonnet-4-6
2026-07-17-SLB-1d,2026-07-17 19:07,2026-07-17,US,SLB,energy,llm_catalyst,down,0.58,flat,session_open,+1.2,-0.8,1d,1,none,,オイルフィールドサービスセクターの不透明感と20日間-11.3%の下落が続くが、データセンター電力供給の新事業がやや相殺する。確信度が低く見送り。,open,,,,,,,model=claude-sonnet-4-6
2026-07-17-SLB-3d,2026-07-17 19:07,2026-07-17,US,SLB,energy,llm_catalyst,down,0.58,flat,session_open,+1.2,-0.8,3d,1,none,,オイルフィールドサービスセクターの不透明感と20日間-11.3%の下落が続くが、データセンター電力供給の新事業がやや相殺する。確信度が低く見送り。,open,,,,,,,model=claude-sonnet-4-6
2026-07-17-COST-1d,2026-07-17 19:07,2026-07-17,US,COST,consumer,llm_catalyst,up,0.54,flat,session_open,+1.2,-0.8,1d,1,none,,製品リコール情報がネガティブに働く可能性があり、方向感が不明瞭。見送り。,open,,,,,,,model=claude-sonnet-4-6
2026-07-17-COST-3d,2026-07-17 19:07,2026-07-17,US,COST,consumer,llm_catalyst,up,0.54,flat,session_open,+1.2,-0.8,3d,1,none,,製品リコール情報がネガティブに働く可能性があり、方向感が不明瞭。見送り。,open,,,,,,,model=claude-sonnet-4-6
2026-07-17-NKE-1d,2026-07-17 19:07,2026-07-17,US,NKE,consumer,llm_catalyst,up,0.57,flat,session_open,+1.2,-0.8,1d,1,none,,米国サッカージャージ品切れは認知度向上の側面もあるが、関税キャッシュフロー懸念が継続。明確な短期カタリストがなく見送り。,open,,,,,,,model=claude-sonnet-4-6
2026-07-17-NKE-3d,2026-07-17 19:07,2026-07-17,US,NKE,consumer,llm_catalyst,up,0.57,flat,session_open,+1.2,-0.8,3d,1,none,,米国サッカージャージ品切れは認知度向上の側面もあるが、関税キャッシュフロー懸念が継続。明確な短期カタリストがなく見送り。,open,,,,,,,model=claude-sonnet-4-6
2026-07-17-SBUX-1d,2026-07-17 19:07,2026-07-17,US,SBUX,consumer,llm_catalyst,up,0.55,flat,session_open,+1.2,-0.8,1d,1,none,,AI活用によるソフトウェア内製化はコスト削減につながる可能性があるが、短期的な株価インパクトは限定的。見送り。,open,,,,,,,model=claude-sonnet-4-6
2026-07-17-SBUX-3d,2026-07-17 19:07,2026-07-17,US,SBUX,consumer,llm_catalyst,up,0.55,flat,session_open,+1.2,-0.8,3d,1,none,,AI活用によるソフトウェア内製化はコスト削減につながる可能性があるが、短期的な株価インパクトは限定的。見送り。,open,,,,,,,model=claude-sonnet-4-6
2026-07-17-CMG-1d,2026-07-17 19:07,2026-07-17,US,CMG,consumer,llm_catalyst,down,0.58,flat,session_open,+1.2,-0.8,1d,1,food_safety,,シクロスポラ菌アウトブレイクがレタス・生鮮食品に関連しており、ブリトーチェーンへの風評リスクがあるが、メキシコ出店は逆にポジティブ。方向感が拮抗し見送り。,open,,,,,,,model=claude-sonnet-4-6
2026-07-17-CMG-3d,2026-07-17 19:07,2026-07-17,US,CMG,consumer,llm_catalyst,down,0.58,flat,session_open,+1.2,-0.8,3d,1,food_safety,,シクロスポラ菌アウトブレイクがレタス・生鮮食品に関連しており、ブリトーチェーンへの風評リスクがあるが、メキシコ出店は逆にポジティブ。方向感が拮抗し見送り。,open,,,,,,,model=claude-sonnet-4-6
2026-07-17-HD-1d,2026-07-17 19:07,2026-07-17,US,HD,consumer,llm_catalyst,up,0.54,flat,session_open,+1.2,-0.8,1d,1,none,,明確な短期カタリストがなく見送り。,open,,,,,,,model=claude-sonnet-4-6
2026-07-17-HD-3d,2026-07-17 19:07,2026-07-17,US,HD,consumer,llm_catalyst,up,0.54,flat,session_open,+1.2,-0.8,3d,1,none,,明確な短期カタリストがなく見送り。,open,,,,,,,model=claude-sonnet-4-6
2026-07-17-NFLX-1d,2026-07-17 19:07,2026-07-17,US,NFLX,media,llm_catalyst,down,0.70,down,session_open,+1.2,-0.8,1d,2,earnings,,Q2決算がQ3売上見通しでコンセンサスを下回り、アナリストから「本当にがっかり」との評価。前日に既に下落しているが、決算ミスによる売り圧力が寄り付き後も継続する可能性が高い。,open,,,,,,,model=claude-sonnet-4-6
2026-07-17-NFLX-3d,2026-07-17 19:07,2026-07-17,US,NFLX,media,llm_catalyst,down,0.70,down,session_open,+1.2,-0.8,3d,2,earnings,,Q2決算がQ3売上見通しでコンセンサスを下回り、アナリストから「本当にがっかり」との評価。前日に既に下落しているが、決算ミスによる売り圧力が寄り付き後も継続する可能性が高い。,open,,,,,,,model=claude-sonnet-4-6
2026-07-17-DIS-1d,2026-07-17 19:07,2026-07-17,US,DIS,media,llm_catalyst,up,0.56,flat,session_open,+1.2,-0.8,1d,1,none,,無料ストリーミングオプション検討のニュースは両刃の剣で、短期的な方向感が見えない。見送り。,open,,,,,,,model=claude-sonnet-4-6
2026-07-17-DIS-3d,2026-07-17 19:07,2026-07-17,US,DIS,media,llm_catalyst,up,0.56,flat,session_open,+1.2,-0.8,3d,1,none,,無料ストリーミングオプション検討のニュースは両刃の剣で、短期的な方向感が見えない。見送り。,open,,,,,,,model=claude-sonnet-4-6
2026-07-17-TMUS-1d,2026-07-17 19:07,2026-07-17,US,TMUS,media,llm_catalyst,up,0.54,flat,session_open,+1.2,-0.8,1d,1,none,,Starlinkリスクが指摘されており、決算予測も減益見込み。明確な短期カタリストがなく見送り。,open,,,,,,,model=claude-sonnet-4-6
2026-07-17-TMUS-3d,2026-07-17 19:07,2026-07-17,US,TMUS,media,llm_catalyst,up,0.54,flat,session_open,+1.2,-0.8,3d,1,none,,Starlinkリスクが指摘されており、決算予測も減益見込み。明確な短期カタリストがなく見送り。,open,,,,,,,model=claude-sonnet-4-6
2026-07-17-JPM-1d,2026-07-17 19:07,2026-07-17,US,JPM,financials,llm_catalyst,up,0.53,flat,session_open,+1.2,-0.8,1d,1,none,,明確な短期カタリストがなく見送り。,open,,,,,,,model=claude-sonnet-4-6
2026-07-17-JPM-3d,2026-07-17 19:07,2026-07-17,US,JPM,financials,llm_catalyst,up,0.53,flat,session_open,+1.2,-0.8,3d,1,none,,明確な短期カタリストがなく見送り。,open,,,,,,,model=claude-sonnet-4-6
2026-07-17-GS-1d,2026-07-17 19:07,2026-07-17,US,GS,financials,llm_catalyst,down,0.58,flat,session_open,+1.2,-0.8,1d,1,none,,前日-4.9%の急落だが、AI株売りへの波及という間接的要因で直接的なカタリストがない。見送り。,open,,,,,,,model=claude-sonnet-4-6
2026-07-17-GS-3d,2026-07-17 19:07,2026-07-17,US,GS,financials,llm_catalyst,down,0.58,flat,session_open,+1.2,-0.8,3d,1,none,,前日-4.9%の急落だが、AI株売りへの波及という間接的要因で直接的なカタリストがない。見送り。,open,,,,,,,model=claude-sonnet-4-6
2026-07-17-NEM-1d,2026-07-17 19:07,2026-07-17,US,NEM,diversifier,llm_catalyst,down,0.63,down,session_open,+1.2,-0.8,1d,2,sector_selloff,,原油価格上昇がFedのタカ派懸念を呼び起こし金相場を圧迫。金鉱株が連動して下落しており、20日間-16.2%のトレンドが継続する可能性が高い。,open,,,,,,,model=claude-sonnet-4-6
2026-07-17-NEM-3d,2026-07-17 19:07,2026-07-17,US,NEM,diversifier,llm_catalyst,down,0.63,down,session_open,+1.2,-0.8,3d,2,sector_selloff,,原油価格上昇がFedのタカ派懸念を呼び起こし金相場を圧迫。金鉱株が連動して下落しており、20日間-16.2%のトレンドが継続する可能性が高い。,open,,,,,,,model=claude-sonnet-4-6
2026-07-17-FCX-1d,2026-07-17 19:07,2026-07-17,US,FCX,diversifier,llm_catalyst,down,0.60,flat,session_open,+1.2,-0.8,1d,2,none,,20日間-16.5%の下落が続くが、決算での利益成長期待がある。方向感が拮抗しており見送り。,open,,,,,,,model=claude-sonnet-4-6
2026-07-17-FCX-3d,2026-07-17 19:07,2026-07-17,US,FCX,diversifier,llm_catalyst,down,0.60,flat,session_open,+1.2,-0.8,3d,2,none,,20日間-16.5%の下落が続くが、決算での利益成長期待がある。方向感が拮抗しており見送り。,open,,,,,,,model=claude-sonnet-4-6
